{
    "total_runtime": 85.08729314804077,
    "num_documents": 1,
    "input_load_time": 0,
    "workflows": {
        "create_base_text_units": {
            "overall": 0.14458703994750977,
            "0_orderby": 0.0014770030975341797,
            "1_zip": 0.0014367103576660156,
            "2_aggregate_override": 0.002192974090576172,
            "3_chunk": 0.11830782890319824,
            "4_select": 0.00164794921875,
            "5_unroll": 0.0028357505798339844,
            "6_rename": 0.0015511512756347656,
            "7_genid": 0.0025992393493652344,
            "8_unzip": 0.0021529197692871094,
            "9_copy": 0.0018279552459716797,
            "10_filter": 0.0074350833892822266
        },
        "create_base_extracted_entities": {
            "overall": 35.213178873062134,
            "0_entity_extract": 35.17754006385803,
            "1_merge_graphs": 0.03348088264465332
        },
        "create_summarized_entities": {
            "overall": 4.016020059585571,
            "0_summarize_descriptions": 4.013539791107178
        },
        "create_base_entity_graph": {
            "overall": 0.07478499412536621,
            "0_cluster_graph": 0.06884288787841797,
            "1_select": 0.0031642913818359375
        },
        "create_final_entities": {
            "overall": 2.7262680530548096,
            "0_unpack_graph": 0.025969982147216797,
            "1_rename": 0.0034639835357666016,
            "2_select": 0.0034220218658447266,
            "3_dedupe": 0.005650043487548828,
            "4_rename": 0.003632068634033203,
            "5_filter": 0.009147882461547852,
            "6_text_split": 0.005084991455078125,
            "7_drop": 0.004027128219604492,
            "8_merge": 0.015732288360595703,
            "9_text_embed": 2.629189968109131,
            "10_drop": 0.005563020706176758,
            "11_filter": 0.012283086776733398
        },
        "create_final_nodes": {
            "overall": 0.2146608829498291,
            "0_layout_graph": 0.0874643325805664,
            "1_unpack_graph": 0.029942035675048828,
            "2_unpack_graph": 0.030252933502197266,
            "3_drop": 0.005092144012451172,
            "4_filter": 0.01368403434753418,
            "5_select": 0.005307197570800781,
            "6_rename": 0.005090951919555664,
            "7_join": 0.008165121078491211,
            "8_convert": 0.01913905143737793,
            "9_rename": 0.006120920181274414
        },
        "create_final_communities": {
            "overall": 0.2014448642730713,
            "0_unpack_graph": 0.028799057006835938,
            "1_unpack_graph": 0.02974224090576172,
            "2_aggregate_override": 0.007822036743164062,
            "3_join": 0.01007986068725586,
            "4_join": 0.009445905685424805,
            "5_concat": 0.006894111633300781,
            "6_filter": 0.039331912994384766,
            "7_aggregate_override": 0.008997917175292969,
            "8_join": 0.008741140365600586,
            "9_filter": 0.015590906143188477,
            "10_fill": 0.006728172302246094,
            "11_merge": 0.00885009765625,
            "12_copy": 0.00733494758605957,
            "13_select": 0.007405996322631836
        },
        "join_text_units_to_entity_ids": {
            "overall": 0.031228065490722656,
            "0_select": 0.007267951965332031,
            "1_unroll": 0.007845163345336914,
            "2_aggregate_override": 0.009009122848510742
        },
        "create_final_relationships": {
            "overall": 0.14023494720458984,
            "0_unpack_graph": 0.030712127685546875,
            "1_filter": 0.027807950973510742,
            "2_rename": 0.008308172225952148,
            "3_filter": 0.020529985427856445,
            "4_drop": 0.008806228637695312,
            "5_compute_edge_combined_degree": 0.010298728942871094,
            "6_convert": 0.01748514175415039,
            "7_convert": 0.008678197860717773
        },
        "join_text_units_to_relationship_ids": {
            "overall": 0.046350955963134766,
            "0_select": 0.008701086044311523,
            "1_unroll": 0.009672880172729492,
            "2_aggregate_override": 0.009991884231567383,
            "3_select": 0.009441614151000977
        },
        "create_final_community_reports": {
            "overall": 40.36949896812439,
            "0_prepare_community_reports_nodes": 0.012459993362426758,
            "1_prepare_community_reports_edges": 0.011008024215698242,
            "2_restore_community_hierarchy": 0.011265993118286133,
            "3_prepare_community_reports": 0.06833004951477051,
            "4_create_community_reports": 40.24396800994873,
            "5_window": 0.013244867324829102
        },
        "create_final_text_units": {
            "overall": 0.07885289192199707,
            "0_select": 0.010384798049926758,
            "1_rename": 0.01027679443359375,
            "2_join": 0.01211094856262207,
            "3_join": 0.012763738632202148,
            "4_aggregate_override": 0.012707710266113281,
            "5_select": 0.010707855224609375
        },
        "create_base_documents": {
            "overall": 0.11998295783996582,
            "0_unroll": 0.012223005294799805,
            "1_select": 0.011502265930175781,
            "2_rename": 0.011482000350952148,
            "3_join": 0.013280868530273438,
            "4_aggregate_override": 0.012215852737426758,
            "5_join": 0.013010978698730469,
            "6_rename": 0.011554718017578125,
            "7_convert": 0.0237579345703125
        },
        "create_final_documents": {
            "overall": 0.023593902587890625,
            "0_rename": 0.012102842330932617
        }
    }
}