{
    "total_runtime": 2622.8918290138245,
    "num_documents": 1,
    "input_load_time": 0,
    "workflows": {
        "create_base_text_units": {
            "overall": 0.7285799980163574,
            "0_orderby": 0.004858970642089844,
            "1_zip": 0.0018470287322998047,
            "2_aggregate_override": 0.004395008087158203,
            "3_chunk": 0.6592729091644287,
            "4_select": 0.002885103225708008,
            "5_unroll": 0.007182121276855469,
            "6_rename": 0.0019571781158447266,
            "7_genid": 0.029404878616333008,
            "8_unzip": 0.002385854721069336,
            "9_copy": 0.0017750263214111328,
            "10_filter": 0.011488199234008789
        },
        "create_base_extracted_entities": {
            "overall": 2285.6839299201965,
            "0_entity_extract": 2284.734272003174,
            "1_merge_graphs": 0.9473509788513184
        },
        "create_summarized_entities": {
            "overall": 237.4865550994873,
            "0_summarize_descriptions": 237.48410511016846
        },
        "create_base_entity_graph": {
            "overall": 1.9924700260162354,
            "0_cluster_graph": 1.9865210056304932,
            "1_select": 0.003087759017944336
        },
        "create_final_entities": {
            "overall": 24.697361946105957,
            "0_unpack_graph": 0.5270819664001465,
            "1_rename": 0.004055976867675781,
            "2_select": 0.0041387081146240234,
            "3_dedupe": 0.005365848541259766,
            "4_rename": 0.00374603271484375,
            "5_filter": 0.11528491973876953,
            "6_text_split": 0.05003190040588379,
            "7_drop": 0.004419088363647461,
            "8_merge": 0.45197629928588867,
            "9_text_embed": 23.449493885040283,
            "10_drop": 0.034919023513793945,
            "11_filter": 0.043730974197387695
        },
        "create_final_nodes": {
            "overall": 3.7671988010406494,
            "0_layout_graph": 2.1292002201080322,
            "1_unpack_graph": 0.8080549240112305,
            "2_unpack_graph": 0.7065110206604004,
            "3_filter": 0.04491019248962402,
            "4_drop": 0.005813121795654297,
            "5_select": 0.005274057388305664,
            "6_rename": 0.005383968353271484,
            "7_convert": 0.02913689613342285,
            "8_join": 0.021682262420654297,
            "9_rename": 0.006768941879272461
        },
        "create_final_communities": {
            "overall": 1.676520824432373,
            "0_unpack_graph": 0.5614159107208252,
            "1_unpack_graph": 0.7563369274139404,
            "2_aggregate_override": 0.011224031448364258,
            "3_join": 0.03535103797912598,
            "4_join": 0.02474808692932129,
            "5_concat": 0.00811004638671875,
            "6_filter": 0.17117905616760254,
            "7_aggregate_override": 0.03175687789916992,
            "8_join": 0.009062051773071289,
            "9_filter": 0.01772475242614746,
            "10_fill": 0.007323026657104492,
            "11_merge": 0.015695810317993164,
            "12_copy": 0.008519172668457031,
            "13_select": 0.009720802307128906
        },
        "join_text_units_to_entity_ids": {
            "overall": 0.05159497261047363,
            "0_select": 0.00789499282836914,
            "1_unroll": 0.01375722885131836,
            "2_aggregate_override": 0.02231597900390625
        },
        "create_final_relationships": {
            "overall": 0.8882269859313965,
            "0_unpack_graph": 0.6983590126037598,
            "1_filter": 0.04750514030456543,
            "2_rename": 0.00888967514038086,
            "3_filter": 0.06595087051391602,
            "4_drop": 0.009026050567626953,
            "5_compute_edge_combined_degree": 0.017817020416259766,
            "6_convert": 0.018767833709716797,
            "7_convert": 0.013526678085327148
        },
        "join_text_units_to_relationship_ids": {
            "overall": 0.06747603416442871,
            "0_select": 0.008780241012573242,
            "1_unroll": 0.015957117080688477,
            "2_aggregate_override": 0.024641752243041992,
            "3_select": 0.009549856185913086
        },
        "create_final_community_reports": {
            "overall": 61.31101989746094,
            "0_prepare_community_reports_nodes": 0.04971504211425781,
            "1_prepare_community_reports_edges": 0.08643102645874023,
            "2_restore_community_hierarchy": 0.013206005096435547,
            "3_prepare_community_reports": 0.9898688793182373,
            "4_create_community_reports": 60.13690400123596,
            "5_window": 0.020172834396362305
        },
        "create_final_text_units": {
            "overall": 0.09117913246154785,
            "0_select": 0.011009931564331055,
            "1_rename": 0.01084589958190918,
            "2_join": 0.018146038055419922,
            "3_join": 0.014065265655517578,
            "4_aggregate_override": 0.01623678207397461,
            "5_select": 0.011064767837524414
        },
        "create_base_documents": {
            "overall": 0.1295771598815918,
            "0_unroll": 0.013166189193725586,
            "1_select": 0.011178970336914062,
            "2_rename": 0.011870861053466797,
            "3_join": 0.014707088470458984,
            "4_aggregate_override": 0.01293802261352539,
            "5_join": 0.014358043670654297,
            "6_rename": 0.011573076248168945,
            "7_convert": 0.029124736785888672
        },
        "create_final_documents": {
            "overall": 0.023331165313720703,
            "0_rename": 0.011918067932128906
        }
    }
}